Lyric,Song,Track Number,Album,Sad ,Mad,Scared,Peaceful,Powerful,Joyful
"Godamn, man child",Norman Fucking Rockwell,1,NFR!,0,1,0,0,0,0
"You fucked me so good that I almost said, ""I love you""",Norman Fucking Rockwell,1,NFR!,0,0,0,0,0,1
You're fun and you're wild,Norman Fucking Rockwell,1,NFR!,0,0,0,0,0,1
But you don't know the half of the shit that you put me through,Norman Fucking Rockwell,1,NFR!,0,1,0,0,0,0
Your poetry's bad and you blame the news,Norman Fucking Rockwell,1,NFR!,0,1,0,0,0,0
But I can't change that and I can't change your mood,Norman Fucking Rockwell,1,NFR!,0,0,1,0,0,0
"Ah-ah, oh",Norman Fucking Rockwell,1,NFR!,0,0,0,0,0,0
'Cause you're just a man,Norman Fucking Rockwell,1,NFR!,0,0,0,1,0,0
It's just what you do,Norman Fucking Rockwell,1,NFR!,0,0,0,1,0,0
Your head in your hands,Norman Fucking Rockwell,1,NFR!,0,0,0,0,0,0
As you color me blue,Norman Fucking Rockwell,1,NFR!,1,0,0,0,0,0
"Yeah, you're just a man",Norman Fucking Rockwell,1,NFR!,0,0,0,0,0,0
All through and through,Norman Fucking Rockwell,1,NFR!,0,0,0,0,0,0
Your head in your hands,Norman Fucking Rockwell,1,NFR!,0,0,0,0,0,0
As you color me blue,Norman Fucking Rockwell,1,NFR!,1,0,0,0,0,0
"Blue, blue, blue",Norman Fucking Rockwell,1,NFR!,1,0,0,0,0,0
"Goddamn, man child",Norman Fucking Rockwell,1,NFR!,0,1,0,0,0,0
You act like a kid even though you stand six foot two,Norman Fucking Rockwell,1,NFR!,0,0,0,0,0,0
"Self-loathing poet, resident Laurel Can-you-know-it-all",Norman Fucking Rockwell,1,NFR!,0,0,1,0,0,0
You talk to the walls when the party gets bored of you,Norman Fucking Rockwell,1,NFR!,0,0,0,0,1,0
"But I don't get bored, I just see it through",Norman Fucking Rockwell,1,NFR!,0,0,0,1,0,0
Why wait for the best when I could have you?,Norman Fucking Rockwell,1,NFR!,0,0,0,0,0,1
You,Norman Fucking Rockwell,1,NFR!,0,0,0,0,0,0
'Cause you're just a man,Norman Fucking Rockwell,1,NFR!,0,0,0,0,0,0
It's just what you do,Norman Fucking Rockwell,1,NFR!,0,0,0,0,0,0
Your head in your hands,Norman Fucking Rockwell,1,NFR!,1,0,0,0,0,0
As you color me blue,Norman Fucking Rockwell,1,NFR!,0,0,0,0,0,0
"Yeah, you're just a man",Norman Fucking Rockwell,1,NFR!,0,0,0,0,0,0
All through and through,Norman Fucking Rockwell,1,NFR!,0,0,0,0,0,0
Your head in your hands,Norman Fucking Rockwell,1,NFR!,1,0,0,0,0,0
As you color me blue,Norman Fucking Rockwell,1,NFR!,1,0,0,0,0,0
"Blue, blue",Norman Fucking Rockwell,1,NFR!,0,1,0,0,0,0
You make me blue,Norman Fucking Rockwell,1,NFR!,1,0,0,0,0,0
"Blue, blue",Norman Fucking Rockwell,1,NFR!,1,0,0,0,0,0
"Blue, blue, blue, blue",Norman Fucking Rockwell,1,NFR!,1,0,0,0,0,0
You took my sadness out of context,Mariners Apartment Complex,2,NFR!,1,0,0,0,0,0
At the Mariners Apartment Complex,Mariners Apartment Complex,2,NFR!,0,0,0,0,0,0
I ain't no candle in the wind,Mariners Apartment Complex,2,NFR!,0,0,0,0,1,0
"I'm the bolt, the lightning, the thunder",Mariners Apartment Complex,2,NFR!,0,0,0,0,1,0
Kind of girl who's gonna make you wonder,Mariners Apartment Complex,2,NFR!,0,0,0,0,1,0
Who you are and who you've been,Mariners Apartment Complex,2,NFR!,0,0,0,0,0,0
And who I've been is with you on these beaches,Mariners Apartment Complex,2,NFR!,0,0,0,1,0,0
"Your Venice bitch, your die-hard, your weakness",Mariners Apartment Complex,2,NFR!,0,0,0,0,1,0
Maybe I could save you from your sins,Mariners Apartment Complex,2,NFR!,0,0,0,0,1,0
"So, kiss the sky and whisper to Jesus",Mariners Apartment Complex,2,NFR!,0,0,0,1,0,0
"My, my, my, you found this, you need this",Mariners Apartment Complex,2,NFR!,0,0,0,0,0,0
"Take a deep breath, baby, let me in",Mariners Apartment Complex,2,NFR!,0,0,0,0,1,0
"You lose your way, just take my hand",Mariners Apartment Complex,2,NFR!,0,0,0,0,1,0
"You're lost at sea, then I'll command your boat to me again",Mariners Apartment Complex,2,NFR!,0,0,0,0,1,0
"Don't look too far, right where you are, that's where I am",Mariners Apartment Complex,2,NFR!,0,0,0,0,1,0
I'm your man,Mariners Apartment Complex,2,NFR!,0,0,0,0,1,0
I'm your man,Mariners Apartment Complex,2,NFR!,0,0,0,0,1,0
They mistook my kindness for weakness,Mariners Apartment Complex,2,NFR!,0,1,0,0,0,0
"I fucked up, I know that, but, Jesus",Mariners Apartment Complex,2,NFR!,0,0,1,0,0,0
Can't a girl just do the best she can?,Mariners Apartment Complex,2,NFR!,0,0,1,0,0,0
Catch a wave and take in the sweetness,Mariners Apartment Complex,2,NFR!,0,0,0,0,0,1
"Think about it, the darkness, the deepness",Mariners Apartment Complex,2,NFR!,0,0,1,0,0,0
All the things that make me who I am,Mariners Apartment Complex,2,NFR!,0,0,0,0,1,0
And who I am is a big-time believer,Mariners Apartment Complex,2,NFR!,0,0,0,0,1,0
"That people can change, but you don't have to leave her",Mariners Apartment Complex,2,NFR!,0,0,0,0,1,0
"When everyone's talking, you can make a stand",Mariners Apartment Complex,2,NFR!,0,0,0,0,1,0
"'Cause even in the dark, I feel your resistance",Mariners Apartment Complex,2,NFR!,0,0,0,0,1,0
You can see my heart burning in the distance,Mariners Apartment Complex,2,NFR!,1,0,0,0,0,0
"Baby, baby, baby, I'm your man (yeah)",Mariners Apartment Complex,2,NFR!,0,0,0,0,1,0
"You lose your way, just take my hand",Mariners Apartment Complex,2,NFR!,0,0,0,0,1,0
"You're lost at sea, then I'll command your boat to me again",Mariners Apartment Complex,2,NFR!,0,0,0,0,1,0
"Don't look too far, right where you are, that's where I am",Mariners Apartment Complex,2,NFR!,0,0,0,0,1,0
I'm your man,Mariners Apartment Complex,2,NFR!,0,0,0,0,1,0
I'm your man,Mariners Apartment Complex,2,NFR!,0,0,0,0,1,0
"Fear fun, fear love, fresh out of fucks forever",Venice Bitch,3,NFR!,0,0,1,0,0,0
Tryin' to be stronger for you,Venice Bitch,3,NFR!,0,0,0,0,1,0
"Ice cream, ice queen, I dream in jeans and leather",Venice Bitch,3,NFR!,0,0,0,0,0,1
"Live stream, I'm sweet for you",Venice Bitch,3,NFR!,0,0,0,0,0,1
"Oh God, miss you on my lips",Venice Bitch,3,NFR!,1,0,0,0,0,0
It's me your little Venice bitch,Venice Bitch,3,NFR!,0,0,0,1,0,0
On the stoop with the neighborhood kids,Venice Bitch,3,NFR!,0,0,0,0,0,0
"Callin' out, bang bang, kiss kiss",Venice Bitch,3,NFR!,0,0,0,0,0,1
"You're in the yard, I light the fire",Venice Bitch,3,NFR!,0,0,0,1,0,0
And as the summer fades away,Venice Bitch,3,NFR!,1,0,0,0,0,0
Nothing gold can stay,Venice Bitch,3,NFR!,0,0,0,1,0,0
"You write, I tour, we make it work",Venice Bitch,3,NFR!,0,0,0,1,0,0
You're beautiful and I'm insane,Venice Bitch,3,NFR!,0,1,0,0,0,0
We're American-made,Venice Bitch,3,NFR!,0,0,0,1,0,0
Give me Hallmark,Venice Bitch,3,NFR!,0,0,0,0,0,1
"One dream, one life, one lover",Venice Bitch,3,NFR!,0,0,0,0,0,1
Paint me happy in blue,Venice Bitch,3,NFR!,0,0,0,0,0,1
"Norman Rockwell, no hype under our covers",Venice Bitch,3,NFR!,0,0,0,0,0,1
It's just me and you,Venice Bitch,3,NFR!,0,0,0,0,0,1
"Oh God, miss you on my lips",Venice Bitch,3,NFR!,1,0,0,0,0,0
It's me your little Venice bitch,Venice Bitch,3,NFR!,1,0,0,0,0,0
On the stoop with the neighborhood kids,Venice Bitch,3,NFR!,0,0,0,1,0,0
"Callin' out, bang bang, kiss kiss",Venice Bitch,3,NFR!,0,0,0,0,0,1
"You're in the yard, I light the fire",Venice Bitch,3,NFR!,0,0,0,0,0,1
And as the summer fades away,Venice Bitch,3,NFR!,1,0,0,0,0,0
Nothing gold can stay,Venice Bitch,3,NFR!,0,0,0,1,0,0
"You write, I tour, we make it work",Venice Bitch,3,NFR!,0,0,0,0,0,1
You're beautiful and I'm insane,Venice Bitch,3,NFR!,0,1,0,0,0,0
We're American-made,Venice Bitch,3,NFR!,0,0,0,0,0,1
"Oh (yeah), oh (yeah), oh (yeah)",Venice Bitch,3,NFR!,0,0,0,0,0,0
"Soundin' off, bang bang, kiss kiss",Venice Bitch,3,NFR!,0,0,0,0,0,1
"Oh (yeah), oh (yeah), oh (yeah)",Venice Bitch,3,NFR!,0,0,0,0,0,0
"Soundin' off, bang bang, kiss kiss",Venice Bitch,3,NFR!,0,0,0,0,0,1
"Oh God, want you on my lips",Venice Bitch,3,NFR!,0,0,0,0,0,1
It's me your little Venice bitch,Venice Bitch,3,NFR!,1,0,0,0,0,0
On the stoop with the neighborhood kids,Venice Bitch,3,NFR!,0,0,0,1,0,0
"Soundin' out, bang bang, kiss kiss",Venice Bitch,3,NFR!,0,0,0,0,0,1
"Oh, shatter oh, shatter, oh, shatter",Venice Bitch,3,NFR!,0,0,0,0,0,0
"(Soundin' off, bang bang, kiss kiss)",Venice Bitch,3,NFR!,0,0,0,0,0,1
"Yeah (yeah), oh (yeah), oh (yeah)",Venice Bitch,3,NFR!,0,0,0,0,0,0
"(Soundin' off, bang bang, kiss kiss)",Venice Bitch,3,NFR!,0,0,0,0,0,1
(Yeah),Venice Bitch,3,NFR!,0,0,0,0,0,0
You heard my baby's back in town now,Venice Bitch,3,NFR!,0,0,0,0,0,1
"You should come, come over",Venice Bitch,3,NFR!,0,0,0,0,0,1
We'll be hanging around now,Venice Bitch,3,NFR!,0,0,0,0,0,1
"You should come, come over",Venice Bitch,3,NFR!,0,0,0,0,0,1
"Oh God, I love him on my lips",Venice Bitch,3,NFR!,0,0,0,0,0,1
It's me your little Venice bitch,Venice Bitch,3,NFR!,1,0,0,0,0,0
Touch me with your fingertips,Venice Bitch,3,NFR!,0,0,0,0,0,1
It's me your little Venice bitch,Venice Bitch,3,NFR!,1,0,0,0,0,0
"Back, back in the garden",Venice Bitch,3,NFR!,0,0,0,0,0,0
We're getting high now because we're older,Venice Bitch,3,NFR!,0,0,1,0,0,0
"Me myself, I like diamonds",Venice Bitch,3,NFR!,0,0,0,0,0,1
My baby crimson and clover,Venice Bitch,3,NFR!,0,0,0,1,0,0
"Wha-wha-wha-wha-whatever, everything, whatever",Venice Bitch,3,NFR!,0,0,0,0,0,0
"(Wha-wha-wha-wha-whatever, everything, whatever)",Venice Bitch,3,NFR!,0,0,0,0,0,0
"Ah, ah, ah, ah",Venice Bitch,3,NFR!,0,0,0,0,0,0
"Ah yeah, ah yeah",Venice Bitch,3,NFR!,0,0,0,0,0,0
"(La-la-la-la-la-la, losers, beautiful losers)",Venice Bitch,3,NFR!,0,0,0,0,0,0
"(La-la-la-la-la-la, losers, beautiful losers)",Venice Bitch,3,NFR!,0,0,0,0,0,0
"La-la-la-la-la-la, losers, (yeah) beautiful losers (yeah)",Venice Bitch,3,NFR!,0,0,0,0,0,0
"La-la-la-la-la-la, losers, (yeah) beautiful losers (yeah)",Venice Bitch,3,NFR!,0,0,0,0,0,0
"La-la-la-la-la-la, losers, beautiful losers",Venice Bitch,3,NFR!,0,0,0,0,0,0
Back in the garden,Venice Bitch,3,NFR!,0,0,0,0,0,0
We're getting high now because we're older,Venice Bitch,3,NFR!,1,0,0,0,0,0
"Me myself, I like diamonds",Venice Bitch,3,NFR!,0,0,0,0,0,1
My baby crimson and clover,Venice Bitch,3,NFR!,0,0,0,1,0,0
"Crimson and clover, honey",Venice Bitch,3,NFR!,0,0,0,0,0,0
"Crimson and clover, honey",Venice Bitch,3,NFR!,0,0,0,0,0,0
"Crimson and clover, honey",Venice Bitch,3,NFR!,0,0,0,0,0,0
"Crimson and clover, honey",Venice Bitch,3,NFR!,0,0,0,0,0,0
"Crimson and clover, honey",Venice Bitch,3,NFR!,0,0,0,0,0,0
"Crimson and clover, honey",Venice Bitch,3,NFR!,0,0,0,0,0,0
"Over and over, honey",Venice Bitch,3,NFR!,0,0,0,0,0,0
"Over and over, honey",Venice Bitch,3,NFR!,0,0,0,0,0,0
"Over and over, honey",Venice Bitch,3,NFR!,0,0,0,0,0,0
"Over and over, honey",Venice Bitch,3,NFR!,0,0,0,0,0,0
Over and over,Venice Bitch,3,NFR!,0,0,0,0,0,0
"If you weren't mine, I'd be jealous of your love",Venice Bitch,3,NFR!,1,0,0,0,0,0
"If you weren't mine, I'd be jealous of your love",Venice Bitch,3,NFR!,1,0,0,0,0,0
"If you weren't mine, I'd be jealous of your love",Venice Bitch,3,NFR!,1,0,0,0,0,0
"If you weren't mine, I'd be jealous of your love",Venice Bitch,3,NFR!,1,0,0,0,0,0
"If you weren't mine, I'd be jealous of your love",Venice Bitch,3,NFR!,1,0,0,0,0,0
I like to see everything in neon,Fuck It I Love You,4,NFR!,0,0,0,0,0,1
"Drink lime green, stay up 'til dawn",Fuck It I Love You,4,NFR!,0,0,0,0,0,1
Maybe the way that I'm living is killing me,Fuck It I Love You,4,NFR!,0,0,0,0,0,1
I like to light up the stage with a song,Fuck It I Love You,4,NFR!,0,0,0,0,0,1
Do shit to keep me turned on,Fuck It I Love You,4,NFR!,0,0,0,0,0,1
But one day I woke up like,Fuck It I Love You,4,NFR!,0,0,0,1,0,0
"""Maybe I'll do it differently""",Fuck It I Love You,4,NFR!,0,0,0,1,0,0
So I moved to California but it's just a state of mind,Fuck It I Love You,4,NFR!,0,0,0,1,0,0
"It turns out everywhere you go, you take yourself, that's not a lie",Fuck It I Love You,4,NFR!,1,0,0,0,0,0
Wish that you would hold me or just say that you were mine,Fuck It I Love You,4,NFR!,1,0,0,0,0,0
It's killing me slowly,Fuck It I Love You,4,NFR!,0,0,1,0,0,0
Dream a little dream of me,Fuck It I Love You,4,NFR!,0,0,0,1,0,0
Make me into something sweet,Fuck It I Love You,4,NFR!,0,0,0,1,0,0
"Turn the radio on, dancing to a pop song",Fuck It I Love You,4,NFR!,0,0,0,0,0,1
"Fuck it, I love you",Fuck It I Love You,4,NFR!,0,0,0,0,0,1
"Fuck it, I love you",Fuck It I Love You,4,NFR!,0,0,0,0,0,1
"Fuck it, I love you",Fuck It I Love You,4,NFR!,0,0,0,0,0,1
I really do,Fuck It I Love You,4,NFR!,0,0,0,0,0,0
I used to shoot up my veins in neon,Fuck It I Love You,4,NFR!,0,0,1,0,0,0
"And shit's even brighter, you're gone",Fuck It I Love You,4,NFR!,1,0,0,0,0,0
So many things I would say to you,Fuck It I Love You,4,NFR!,1,0,0,0,0,0
I want you,Fuck It I Love You,4,NFR!,1,0,0,0,0,0
"You moved to California, but it's just a state of mind",Fuck It I Love You,4,NFR!,1,0,0,0,0,0
And you know everyone adores you,Fuck It I Love You,4,NFR!,0,0,0,0,0,1
You can't feel it and you're tired,Fuck It I Love You,4,NFR!,1,0,0,0,0,0
Baby wish that you would hold me or just say that you were mine,Fuck It I Love You,4,NFR!,0,0,0,0,0,1
But it's killing me slowly,Fuck It I Love You,4,NFR!,1,0,0,0,0,0
Dream a little dream of me,Fuck It I Love You,4,NFR!,0,0,0,1,0,0
Turn this into something sweet,Fuck It I Love You,4,NFR!,0,0,0,0,0,1
"Turn the radio on, dancing to a pop song",Fuck It I Love You,4,NFR!,0,0,0,0,0,1
"Fuck it, I love you",Fuck It I Love You,4,NFR!,0,0,0,0,0,1
"Fuck it, I love you",Fuck It I Love You,4,NFR!,0,0,0,0,0,1
"Fuck it, I love you",Fuck It I Love You,4,NFR!,0,0,0,0,0,1
I really do,Fuck It I Love You,4,NFR!,0,0,0,0,0,0
It turns out California's more than just a state of mind,Fuck It I Love You,4,NFR!,0,0,0,1,0,0
"I met you on the boulevard, wind through my hair, you blew my mind",Fuck It I Love You,4,NFR!,0,0,0,0,0,1
"And if I wasn't so fucked up, I think I'd fuck you all the time",Fuck It I Love You,4,NFR!,1,0,0,0,0,1
(I really do) It's killing me slowly,Fuck It I Love You,4,NFR!,1,0,0,0,0,0
"Fuck it, I love you (I moved to California, but it's just a state of mind)",Fuck It I Love You,4,NFR!,0,0,0,1,0,1
"Fuck it, I love you (It turns out everywhere you go, you take yourself, that's not a lie)",Fuck It I Love You,4,NFR!,1,0,0,0,0,1
"Fuck it, I love you (Wish that you would hold me or just say that you were mine)",Fuck It I Love You,4,NFR!,1,0,0,0,0,1
I really do (It's killing me slowly),Fuck It I Love You,4,NFR!,1,0,0,0,0,0
"Fuck it, I love you (California dreamin', got my money on my mind)",Fuck It I Love You,4,NFR!,0,0,0,1,0,1
"Fuck it, I love you (Chances in my veins, running out of time)",Fuck It I Love You,4,NFR!,0,0,1,0,0,1
"Fuck it, I love you (California dreamin', got my money on my mind)",Fuck It I Love You,4,NFR!,0,0,0,1,0,1
"I really do (Chances in my veins, running out of time)",Fuck It I Love You,4,NFR!,0,0,1,0,0,1
"Fuck it, I love you (California dreamin', got my money on my mind)",Fuck It I Love You,4,NFR!,0,0,0,1,0,1
"Fuck it, I love you (Chances in my veins, running out of time)",Fuck It I Love You,4,NFR!,0,0,1,0,0,1
"Fuck it, I love you (California dreamin', got my money on my mind)",Fuck It I Love You,4,NFR!,0,0,0,1,0,1
"I really do (Chances in my veins, running out of time)",Fuck It I Love You,4,NFR!,0,0,1,0,0,1
"Summertime, and the livin's easy",Doin Time,5,NFR!,0,0,0,1,0,0
Bradley's on the microphone with Ras MG,Doin Time,5,NFR!,0,0,0,0,0,0
All the people in the dance will agree,Doin Time,5,NFR!,0,0,0,1,0,0
That we're well-qualified to represent the L.B.C,Doin Time,5,NFR!,0,0,0,1,0,0
"Me, me and Louie, we gonna run to the party",Doin Time,5,NFR!,0,0,0,0,1,0
"And dance to the rhythm, it gets harder",Doin Time,5,NFR!,0,0,0,0,0,1
"Me and my girl, we got this relationship",Doin Time,5,NFR!,0,0,0,0,0,1
"I love her so bad, but she treats me like shit",Doin Time,5,NFR!,1,0,0,0,0,1
"On lockdown, like a penitentiary",Doin Time,5,NFR!,0,0,1,0,0,0
She spreads her lovin' all over,Doin Time,5,NFR!,0,0,0,0,0,1
"And when she gets home, there's none left for me",Doin Time,5,NFR!,1,0,0,0,0,0
"Summertime, and the livin's easy",Doin Time,5,NFR!,0,0,0,1,0,0
Bradley's on the microphone with Ras MG,Doin Time,5,NFR!,0,0,0,0,0,0
All the people in the dance will agree,Doin Time,5,NFR!,0,0,0,1,0,0
That we're well-qualified to represent the L.B.C,Doin Time,5,NFR!,0,0,0,1,0,0
"Me, me and Louie, we gonna run to the party",Doin Time,5,NFR!,0,0,0,0,1,0
"And dance to the rhythm, it gets harder",Doin Time,5,NFR!,0,0,0,0,0,1
"(Harder, yeah, harder, yeah)",Doin Time,5,NFR!,0,0,0,0,0,0
"Oh, take this veil from off my eyes",Doin Time,5,NFR!,0,1,0,0,0,0
"My burning sun will, some day, rise",Doin Time,5,NFR!,0,0,0,0,0,1
"So, what am I gonna be doin' for a while?",Doin Time,5,NFR!,0,0,1,0,0,0
"Said, I'm gonna play with myself",Doin Time,5,NFR!,0,0,0,0,0,1
"Show them, now, we've come off the shelf",Doin Time,5,NFR!,0,0,0,0,0,0
"Summertime, and the livin's easy",Doin Time,5,NFR!,0,0,0,1,0,0
Bradley's on the microphone with Ras MG,Doin Time,5,NFR!,0,0,0,0,0,0
All the people in the dance will agree,Doin Time,5,NFR!,0,0,0,1,0,0
That we're well-qualified to represent the L.B.C,Doin Time,5,NFR!,0,0,0,1,0,0
"Me, me and Louie, we gonna run to the party",Doin Time,5,NFR!,0,0,0,0,1,0
"And dance to the rhythm, it gets harder",Doin Time,5,NFR!,0,0,0,0,0,1
"(Harder, yeah, harder, yeah)",Doin Time,5,NFR!,0,0,1,0,0,0
"Evil, I've come to tell you that she's evil, most definitely",Doin Time,5,NFR!,0,0,1,0,0,0
"Evil, ornery, scandalous and evil, most definitely",Doin Time,5,NFR!,0,0,1,0,0,0
"The tension, it's getting hotter",Doin Time,5,NFR!,0,1,0,0,0,0
I'd like to hold her head underwater,Doin Time,5,NFR!,0,1,0,0,0,0
(Summertime),Doin Time,5,NFR!,0,0,0,0,0,0
"(Ah, ah, ah)",Doin Time,5,NFR!,0,0,0,0,0,0
"Summertime, and the livin's easy",Doin Time,5,NFR!,0,0,0,1,0,0
Bradley's on the microphone with Ras MG,Doin Time,5,NFR!,0,0,0,0,0,0
All the people in the dance will agree,Doin Time,5,NFR!,0,0,0,1,0,0
That we're well-qualified to represent the L.B.C,Doin Time,5,NFR!,0,0,0,1,0,0
"Me, me and Louie, we gonna run to the party",Doin Time,5,NFR!,0,0,0,0,1,0
"And dance to the rhythm, it gets harder",Doin Time,5,NFR!,0,0,0,0,0,1
"In the car, in the car, in the backseat, I'm your baby",Love Song,6,NFR!,0,0,0,0,0,1
"We go fast, we go so fast, we don't move",Love Song,6,NFR!,0,0,0,0,0,1
I believe in a place you take me,Love Song,6,NFR!,0,0,0,1,0,0
Make you real proud of your baby,Love Song,6,NFR!,0,0,0,0,0,1
"In your car, I'm a star and I'm burnin' through you",Love Song,6,NFR!,0,0,0,0,0,1
"In your car, I'm a star and I'm burnin' through you",Love Song,6,NFR!,0,0,0,0,0,1
"Oh, be my once in a lifetime",Love Song,6,NFR!,0,0,0,1,0,0
"Lying on your chest, in my party dress",Love Song,6,NFR!,0,0,0,1,0,0
I'm a fucking mess but I,Love Song,6,NFR!,1,0,0,0,0,0
"Oh, thanks for the high life",Love Song,6,NFR!,0,0,0,0,0,1
"Baby, it's the best, that's a test",Love Song,6,NFR!,0,0,0,1,0,0
"And yes, now I'm here with you and I",Love Song,6,NFR!,0,0,0,0,0,1
Would like to think that you would stick around,Love Song,6,NFR!,0,0,0,1,0,0
You know that I'd just die to make you proud,Love Song,6,NFR!,0,0,1,0,0,1
"The taste, the touch, the way we love",Love Song,6,NFR!,0,0,0,0,0,1
It all comes down to make the sound of our love song,Love Song,6,NFR!,0,0,0,0,0,1
"Dream a dream, here's a scene",Love Song,6,NFR!,0,0,0,1,0,0
Touch me anywhere 'cause I'm your baby,Love Song,6,NFR!,0,0,0,0,0,1
"Grab my waist, don't waste any part",Love Song,6,NFR!,0,0,0,0,1,0
I believe that you see me for who I am,Love Song,6,NFR!,0,0,0,1,0,0
So spill my clothes on the floor of your new car,Love Song,6,NFR!,0,0,0,0,0,0
"Is it safe, is it safe to just be who we are?",Love Song,6,NFR!,0,0,1,0,0,0
"Is it safe, is it safe to just be who we are?",Love Song,6,NFR!,0,0,1,0,0,0
"Oh, be my once in a lifetime",Love Song,6,NFR!,0,0,0,1,0,0
"Lying on your chest, in my party dress",Love Song,6,NFR!,0,0,0,1,0,0
I'm a fucking mess but I,Love Song,6,NFR!,1,0,0,0,0,0
"Oh, thanks for the high life",Love Song,6,NFR!,0,0,0,0,0,1
"Baby, it's the best, pass the test",Love Song,6,NFR!,0,0,0,1,0,0
"And yes, now I'm here with you and I",Love Song,6,NFR!,0,0,0,0,0,1
Would like to think that you would stick around,Love Song,6,NFR!,0,0,0,1,0,0
You know that I'd just die to make you proud,Love Song,6,NFR!,0,0,1,0,0,1
"The taste, the touch, the way we love",Love Song,6,NFR!,0,0,0,0,0,1
It all comes down to make the sound of our love song,Love Song,6,NFR!,0,0,0,0,0,1
"The taste, the touch, the way we love",Love Song,6,NFR!,0,0,0,0,0,1
It all comes down to make the sound of our love song,Love Song,6,NFR!,0,0,0,0,0,1
Cinnamon in my teeth,Cinnamon Girl,7,NFR!,0,0,0,0,0,0
From your kiss,Cinnamon Girl,7,NFR!,0,0,0,0,0,1
You're touching me,Cinnamon Girl,7,NFR!,0,0,0,0,0,1
All the pills that you did,Cinnamon Girl,7,NFR!,1,0,0,0,0,0
"Violet, blue, green, red to keep me",Cinnamon Girl,7,NFR!,1,0,0,0,0,0
At arm's length don't work,Cinnamon Girl,7,NFR!,1,0,0,0,0,0
You try to push me out,Cinnamon Girl,7,NFR!,0,0,1,0,0,0
But I just find my way back in,Cinnamon Girl,7,NFR!,0,0,0,0,1,0
"Violet, blue, green, red to keep me out",Cinnamon Girl,7,NFR!,1,0,0,0,0,0
I win,Cinnamon Girl,7,NFR!,0,0,0,0,0,1
There's things I wanna say to you,Cinnamon Girl,7,NFR!,0,0,0,0,0,1
But I'll just let you live,Cinnamon Girl,7,NFR!,0,0,0,1,0,0
Like if you hold me without hurting me,Cinnamon Girl,7,NFR!,1,0,0,0,0,0
You'll be the first who ever did,Cinnamon Girl,7,NFR!,0,0,0,0,1,0
There's things I wanna talk about,Cinnamon Girl,7,NFR!,0,0,0,0,0,1
But better not to keep,Cinnamon Girl,7,NFR!,1,0,0,0,0,0
But if you hold me without hurting me,Cinnamon Girl,7,NFR!,1,0,0,0,0,0
You'll be the first who ever did,Cinnamon Girl,7,NFR!,0,0,0,0,0,1
"Ah, ah, ah, ah, ah, ah",Cinnamon Girl,7,NFR!,0,0,0,0,0,0
"Hold me, love me, touch me, honey",Cinnamon Girl,7,NFR!,0,0,0,1,0,1
Be the first who ever did,Cinnamon Girl,7,NFR!,0,0,0,0,0,1
"Ah, ah, ah, ah, ah, ah",Cinnamon Girl,7,NFR!,0,0,0,0,0,0
"Hold me, love me, touch me, honey",Cinnamon Girl,7,NFR!,0,0,0,0,0,1
Be the first who ever did,Cinnamon Girl,7,NFR!,0,0,0,0,0,1
Kerosene in my hands,Cinnamon Girl,7,NFR!,0,0,1,0,0,0
"You make me mad, I'm fire again",Cinnamon Girl,7,NFR!,0,1,0,0,0,0
All the pills that you take,Cinnamon Girl,7,NFR!,1,0,0,0,0,0
"Violet, blue, green, red to keep me at arm's length don't work",Cinnamon Girl,7,NFR!,1,0,0,0,0,0
"There's things I wanna say to you, but I'll just let you leave",Cinnamon Girl,7,NFR!,1,0,0,0,0,1
Like if you hold me without hurting me,Cinnamon Girl,7,NFR!,1,0,0,0,0,0
You'll be the first who ever did,Cinnamon Girl,7,NFR!,0,0,0,0,0,1
"There's things I wanna talk about, but better not to keep",Cinnamon Girl,7,NFR!,1,0,0,0,0,1
But if you hold me without hurting me,Cinnamon Girl,7,NFR!,1,0,0,0,0,0
You'll be the first who ever did,Cinnamon Girl,7,NFR!,0,0,0,0,0,1
"Ah, ah, ah, ah, ah, ah",Cinnamon Girl,7,NFR!,0,0,0,0,0,0
"Hold me, love me, touch me, honey",Cinnamon Girl,7,NFR!,0,0,0,0,0,1
Be the first who ever did,Cinnamon Girl,7,NFR!,0,0,0,0,0,1
"Ah, ah, ah, ah, ah, ah",Cinnamon Girl,7,NFR!,0,0,0,0,0,0
"Hold me, love me, touch me, honey",Cinnamon Girl,7,NFR!,0,0,0,0,0,1
Be the first who ever did,Cinnamon Girl,7,NFR!,0,0,0,0,0,1
"There's things I wanna say to you, but I'll just let you leave",Cinnamon Girl,7,NFR!,1,0,0,0,0,1
Like if you hold me without hurting me,Cinnamon Girl,7,NFR!,1,0,0,0,0,0
You'll be the first who ever did,Cinnamon Girl,7,NFR!,0,0,0,0,0,1
"There's things I wanna talk about, but better not to keep",Cinnamon Girl,7,NFR!,1,0,0,0,0,1
Like if you hold me without hurting me,Cinnamon Girl,7,NFR!,1,0,0,0,0,0
You'll be the first who ever did,Cinnamon Girl,7,NFR!,0,0,0,0,0,1
John met me down on the boulevard,How to Disappear,8,NFR!,0,0,0,0,0,0
Cried on his shoulder 'cause life is hard,How to Disappear,8,NFR!,1,0,0,0,0,0
The waves came in over my head,How to Disappear,8,NFR!,0,0,1,0,0,0
"What you been up to, my baby?",How to Disappear,8,NFR!,0,0,0,0,0,1
Haven't seen you 'round here lately,How to Disappear,8,NFR!,1,0,0,0,0,0
"All of the guys tell me lies, but you don't",How to Disappear,8,NFR!,0,1,0,0,0,1
You just crack another beer,How to Disappear,8,NFR!,0,0,0,0,0,0
And pretend that you're still here,How to Disappear,8,NFR!,0,0,0,1,0,0
This is how to disappear,How to Disappear,8,NFR!,1,0,0,0,0,0
This is how to disappear,How to Disappear,8,NFR!,1,0,0,0,0,0
Joe met me down at the training yard,How to Disappear,8,NFR!,0,0,0,0,0,0
Cuts on his face 'cause he fought too hard,How to Disappear,8,NFR!,0,0,1,0,0,0
I know he's in over his head,How to Disappear,8,NFR!,0,0,1,0,0,0
But I love that man like nobody can,How to Disappear,8,NFR!,0,0,0,0,0,1
He moves mountains and pounds them to ground again,How to Disappear,8,NFR!,0,0,0,0,1,0
I watched the guys getting high as they fight,How to Disappear,8,NFR!,0,1,0,0,0,1
For the things that they hold dear,How to Disappear,8,NFR!,0,0,0,1,0,0
To forget the things they fear,How to Disappear,8,NFR!,0,0,1,0,0,0
This is how to disappear,How to Disappear,8,NFR!,1,0,0,0,0,0
This is how to disappear,How to Disappear,8,NFR!,1,0,0,0,0,0
Now it's been years since I left New York,How to Disappear,8,NFR!,1,0,0,0,0,0
I've got a kid and two cats in the yard,How to Disappear,8,NFR!,0,0,0,0,0,0
The California sun and the movie stars,How to Disappear,8,NFR!,0,0,0,0,0,0
"I watch the skies getting light as I write, as I",How to Disappear,8,NFR!,0,0,0,1,0,0
Think about those years,How to Disappear,8,NFR!,0,0,0,1,0,0
As I whisper in your ear,How to Disappear,8,NFR!,0,0,0,0,0,0
I'm always going to be right here,How to Disappear,8,NFR!,0,0,0,1,0,0
No one's going anywhere,How to Disappear,8,NFR!,0,0,0,1,0,0
You don't ever have to be stronger than you really are,California,9,NFR!,1,0,0,0,1,0
"When you're lying in my arms, baby",California,9,NFR!,0,0,0,0,0,1
You don't ever have to go faster than your fastest pace,California,9,NFR!,1,0,0,0,1,0
Or faster than my fastest cars,California,9,NFR!,0,0,0,0,0,0
"I shouldn't have done it, but I read it in your letter",California,9,NFR!,0,0,1,0,0,0
You said to a friend that you wish you were doing better,California,9,NFR!,1,0,0,0,0,0
"I wanted to reach out, but I never said a thing",California,9,NFR!,1,0,0,0,0,0
"I shouldn't have done it, but I read it in your letter",California,9,NFR!,0,0,1,0,0,0
You said to a friend that you wish you were doing better,California,9,NFR!,1,0,0,0,0,0
"I wanted to call you, but I didn't say a thing",California,9,NFR!,1,0,0,0,0,0
"Two, three, four",California,9,NFR!,0,0,0,0,0,0
"Oh, I'll pick you up",California,9,NFR!,0,0,0,0,0,0
"If you come back to America, just hit me up",California,9,NFR!,0,0,0,0,0,1
"'Cause this is crazy love, I'll catch you on the flip side",California,9,NFR!,0,1,0,0,0,1
"If you come back to California, you should just hit me up",California,9,NFR!,0,0,0,0,0,1
"We'll do whatever you want, travel wherever how far",California,9,NFR!,0,0,0,0,0,1
We'll hit up all the old places,California,9,NFR!,0,0,0,0,0,1
"We'll have a party, we'll dance 'til dawn",California,9,NFR!,0,0,0,0,0,1
I'll pick up all of your Vogues and all of your Rolling Stones,California,9,NFR!,0,0,0,0,0,1
Your favorite liquor off the top shelf,California,9,NFR!,0,0,0,0,0,1
I'll throw a party all night long,California,9,NFR!,0,0,0,0,0,1
You don't ever have to be stronger than you really are,California,9,NFR!,1,0,1,0,0,0
"When you're lying in my arms, and, honey",California,9,NFR!,0,0,0,0,0,1
You don't ever have to act cooler than you think you should,California,9,NFR!,1,0,1,0,0,0
You're brighter than the brightest stars,California,9,NFR!,0,0,0,0,1,0
"You're scared to win, scared to lose",California,9,NFR!,0,0,1,0,0,0
I've heard the war was over if you really choose,California,9,NFR!,0,0,0,0,1,0
The one in and around you,California,9,NFR!,0,0,0,0,0,0
"You hate the heat, you got the blues",California,9,NFR!,1,1,0,0,0,0
"Changing like the weather, oh, that's so like you",California,9,NFR!,1,0,0,0,0,0
"The Santa Ana moves you (two, three, four)",California,9,NFR!,0,0,0,0,0,0
"Oh, I'll pick you up",California,9,NFR!,0,0,0,0,0,0
"If you come back to America, just hit me up",California,9,NFR!,0,0,0,0,0,1
"'Cause this is crazy love, I'll catch you on the flip side",California,9,NFR!,0,0,0,0,0,1
"If you come back to California, you should just hit me up",California,9,NFR!,0,0,0,0,0,1
"We'll do whatever you want, travel wherever how far",California,9,NFR!,0,0,0,0,0,1
We'll hit up all the old places,California,9,NFR!,0,0,0,0,0,1
"We'll have a party, we'll dance 'til dawn",California,9,NFR!,0,0,0,0,0,1
I'll pick up all of your Vogues and all of your Rolling Stones,California,9,NFR!,0,0,0,0,0,1
Your favorite liquor off the top shelf,California,9,NFR!,0,0,0,0,0,1
I'll throw a party all night long,California,9,NFR!,0,0,0,0,0,1
"Oh, I'll pick you up",California,9,NFR!,0,0,0,0,0,0
"If you come back to America, just hit me up",California,9,NFR!,0,0,0,0,0,1
"'Cause this is crazy love, I'll catch you on the flip side",California,9,NFR!,0,1,0,0,0,1
"If you come back to California, you should just hit me up",California,9,NFR!,0,0,0,0,0,1
My baby used to dance underneath my architecture,The Next Best American Record,10,NFR!,0,0,0,0,0,1
"To the Houses of the Holy, smokin' on them cigarettes",The Next Best American Record,10,NFR!,0,0,0,0,0,0
My baby used to dance underneath my architecture,The Next Best American Record,10,NFR!,0,0,0,0,0,1
He was cool as heck,The Next Best American Record,10,NFR!,0,0,0,1,0,0
He was cool as heck,The Next Best American Record,10,NFR!,0,0,0,1,0,0
And we were so obsessed with writing the next best American record,The Next Best American Record,10,NFR!,0,1,0,0,0,0
That we give all we had 'til the time we got to bed,The Next Best American Record,10,NFR!,0,0,0,0,0,0
'Cause we knew we could,The Next Best American Record,10,NFR!,0,0,0,0,1,0
We were so obsessed with writing the next best American record,The Next Best American Record,10,NFR!,0,1,0,0,0,0
'Cause we were just that good,The Next Best American Record,10,NFR!,0,0,0,0,1,0
It was just that good,The Next Best American Record,10,NFR!,0,0,0,0,1,0
Whatever's on tonight,The Next Best American Record,10,NFR!,0,0,0,0,0,0
I just wanna party with you,The Next Best American Record,10,NFR!,0,0,0,0,0,1
Topanga's hot tonight,The Next Best American Record,10,NFR!,0,0,0,0,0,0
I'm takin' off my bathing suit,The Next Best American Record,10,NFR!,0,0,0,0,0,0
You made me feel like...,The Next Best American Record,10,NFR!,0,0,0,0,0,0
There's somethin' that I never knew?,The Next Best American Record,10,NFR!,0,0,0,0,1,0
I wanted,The Next Best American Record,10,NFR!,0,0,0,0,0,0
My baby used to dance underneath my architecture,The Next Best American Record,10,NFR!,0,0,0,0,0,1
"He was '70s in spirit, '90s in his frame of mind",The Next Best American Record,10,NFR!,0,0,0,0,1,0
My baby used to dance underneath my architecture,The Next Best American Record,10,NFR!,0,0,0,0,0,1
We lost track of space,The Next Best American Record,10,NFR!,0,0,1,0,0,0
We lost track of time,The Next Best American Record,10,NFR!,0,0,1,0,0,0
And we were so obsessed with writing the next best American record,The Next Best American Record,10,NFR!,0,1,0,0,0,0
That we give all we had 'til the time we got to bed,The Next Best American Record,10,NFR!,0,0,0,0,0,0
'Cause we knew we could,The Next Best American Record,10,NFR!,0,0,0,0,1,0
We were so obsessed with writing the next best American record,The Next Best American Record,10,NFR!,0,1,0,0,0,0
'Cause we were just that good,The Next Best American Record,10,NFR!,0,0,0,0,1,0
It was just that good,The Next Best American Record,10,NFR!,0,0,0,0,1,0
Whatever's on tonight,The Next Best American Record,10,NFR!,0,0,0,0,0,0
I just wanna party with you,The Next Best American Record,10,NFR!,0,0,0,0,0,1
Topanga's hot tonight,The Next Best American Record,10,NFR!,0,0,0,0,0,0
I'm takin' off my bathing suit,The Next Best American Record,10,NFR!,0,0,0,0,0,0
You made me feel like...,The Next Best American Record,10,NFR!,0,0,0,0,0,0
There's somethin' that I never knew?,The Next Best American Record,10,NFR!,0,0,0,0,1,0
I wanted,The Next Best American Record,10,NFR!,0,0,0,0,0,1
We play the Eagles down in Malibu,The Next Best American Record,10,NFR!,0,0,0,0,0,0
And I want it,The Next Best American Record,10,NFR!,0,0,0,0,0,1
It's you—all the roads lead to you,The Next Best American Record,10,NFR!,0,0,0,1,0,0
Everything I want and do,The Next Best American Record,10,NFR!,0,0,0,0,0,1
All the things that I say,The Next Best American Record,10,NFR!,0,0,0,0,0,0
It's true—all the roads lead to you,The Next Best American Record,10,NFR!,0,0,0,1,0,0
Like the 405 I drive through,The Next Best American Record,10,NFR!,0,0,0,0,0,0
Every night and every day,The Next Best American Record,10,NFR!,0,0,0,0,0,0
I see you for who you really are,The Next Best American Record,10,NFR!,0,0,0,1,0,0
Why the thousands of girls love,The Next Best American Record,10,NFR!,0,0,0,0,0,0
The way Bill plays guitar,The Next Best American Record,10,NFR!,0,0,0,0,0,0
Whatever's on tonight,The Next Best American Record,10,NFR!,0,0,0,0,0,0
I just wanna party with you,The Next Best American Record,10,NFR!,0,0,0,0,0,1
Topanga's hot tonight,The Next Best American Record,10,NFR!,0,0,0,0,0,0
I'm takin' off my bathing suit,The Next Best American Record,10,NFR!,0,0,0,0,0,0
You made me feel like...,The Next Best American Record,10,NFR!,0,0,0,0,0,0
There's somethin' that I never knew?,The Next Best American Record,10,NFR!,0,0,0,0,1,0
I wanted,The Next Best American Record,10,NFR!,0,0,0,0,0,1
We play the Eagles down in Malibu,The Next Best American Record,10,NFR!,0,0,0,0,0,0
And I want it,The Next Best American Record,10,NFR!,0,0,0,0,0,1
There's somethin' that I never knew?,The Next Best American Record,10,NFR!,0,0,0,0,0,0
I wanted,The Next Best American Record,10,NFR!,0,0,0,0,0,1
"I miss Long Beach and I miss you, babe",The Greatest,11,NFR!,1,0,0,0,0,0
I miss dancin' with you the most of all,The Greatest,11,NFR!,1,0,0,0,0,0
I miss the bar where the Beach Boys would go,The Greatest,11,NFR!,1,0,0,0,0,0
Dennis's last stop before Kokomo,The Greatest,11,NFR!,0,0,0,0,0,0
Those nights were on fire,The Greatest,11,NFR!,0,0,0,0,0,1
We couldn't get higher,The Greatest,11,NFR!,0,0,0,0,0,1
We didn't know that we had it all,The Greatest,11,NFR!,0,0,0,1,0,0
But nobody warns you before the fall,The Greatest,11,NFR!,0,0,1,0,0,0
And I'm wasted,The Greatest,11,NFR!,1,0,0,0,0,0
"Don't leave, I just need a wake-up call",The Greatest,11,NFR!,1,0,1,0,0,0
I'm facin' the greatest,The Greatest,11,NFR!,0,0,1,0,0,0
The greatest loss of them all,The Greatest,11,NFR!,0,0,1,0,0,0
The culture is lit and I had a ball,The Greatest,11,NFR!,0,0,0,0,0,1
I guess I'm signin' off after all,The Greatest,11,NFR!,1,0,0,0,0,0
I miss New York and I miss the music,The Greatest,11,NFR!,1,0,0,0,0,0
"Me and my friends, we miss rock 'n' roll",The Greatest,11,NFR!,1,0,0,0,0,0
I want shit to feel just like it used to,The Greatest,11,NFR!,1,0,0,0,0,0
"And, baby, I was doin' nothin' the most of all",The Greatest,11,NFR!,1,0,0,0,0,0
"The culture is lit and if this is it, I had a ball",The Greatest,11,NFR!,0,0,0,1,0,0
I guess that I'm burned out after all,The Greatest,11,NFR!,1,0,0,0,0,0
I'm wasted,The Greatest,11,NFR!,1,0,0,0,0,0
"Don't leave, I just need a wake-up call",The Greatest,11,NFR!,1,0,1,0,0,0
I'm facin' the greatest,The Greatest,11,NFR!,0,0,1,0,0,0
The greatest loss of them all,The Greatest,11,NFR!,0,0,1,0,0,0
The culture is lit and I had a ball,The Greatest,11,NFR!,0,0,0,0,0,1
I guess that I'm burned out after all,The Greatest,11,NFR!,1,0,0,0,0,0
"If this is it, I'm signin' off",The Greatest,11,NFR!,1,0,0,0,0,0
"Miss doin' nothin', the most of all",The Greatest,11,NFR!,1,0,0,0,0,0
Hawaii just missed a fireball,The Greatest,11,NFR!,0,0,1,0,0,0
"L.A. is in flames, it's gettin' hot",The Greatest,11,NFR!,0,0,1,0,0,0
Kanye West is blond and gone,The Greatest,11,NFR!,0,0,0,0,0,0
"""Life on Mars"" ain't just a song",The Greatest,11,NFR!,0,0,1,0,0,0
"Oh, the livestream's almost on",The Greatest,11,NFR!,0,0,0,0,0,0
All the ladies of the canyon,Bartender,12,NFR!,0,0,0,0,0,0
Wearin' black to the house parties,Bartender,12,NFR!,0,0,0,0,0,0
"Crosby, Stills and Nash is playin'",Bartender,12,NFR!,0,0,0,0,0,0
Wine is flowin' with Bacardi,Bartender,12,NFR!,0,0,0,0,0,0
But sometimes girls just want to have fun,Bartender,12,NFR!,0,0,0,0,0,1
The poetry inside of me is warm like a gun,Bartender,12,NFR!,0,0,0,0,1,0
I bought me a truck in the middle of the night,Bartender,12,NFR!,0,0,0,0,0,0
It'll buy me a year if I play my cards right,Bartender,12,NFR!,0,0,1,0,0,0
Photo free exits from baby's bedside,Bartender,12,NFR!,0,0,0,0,0,0
'Cause they don't yet know what car I drive,Bartender,12,NFR!,0,0,0,0,1,0
I'm just tryna keep my love alive,Bartender,12,NFR!,0,0,1,0,0,0
"With my bartender, hold me all night",Bartender,12,NFR!,1,0,0,0,0,0
"Bartender, our love's alive",Bartender,12,NFR!,0,0,0,0,0,1
"Baby, remember, I'm not drinkin' wine",Bartender,12,NFR!,0,0,0,1,0,0
But that Cherry Coke you serve is fine,Bartender,12,NFR!,0,0,0,1,0,0
And our love's sweet enough on the vine,Bartender,12,NFR!,0,0,0,0,0,1
Bartender,Bartender,12,NFR!,0,0,0,0,0,0
Bar-t-t-tender,Bartender,12,NFR!,0,0,0,0,0,0
All the ladies of the canyon,Bartender,12,NFR!,0,0,0,0,0,0
Wearin' white for their tea parties,Bartender,12,NFR!,0,0,0,0,0,0
Playing games of levitation,Bartender,12,NFR!,0,0,0,0,0,1
Meditatin' in the garden,Bartender,12,NFR!,0,0,0,1,0,0
And I love the little games that we play,Bartender,12,NFR!,0,0,0,0,0,1
From the valley to the beach,Bartender,12,NFR!,0,0,0,0,0,0
And when at last the day is done,Bartender,12,NFR!,0,0,0,0,0,0
I grab my keys,Bartender,12,NFR!,0,0,0,0,0,0
I bought me a truck in the middle of the night,Bartender,12,NFR!,0,0,0,0,1,0
It'll buy me a year if I play my cards right,Bartender,12,NFR!,0,0,1,0,0,0
Photo free exits from baby's bedside,Bartender,12,NFR!,0,0,0,0,0,0
'Cause they don't yet know what car I drive,Bartender,12,NFR!,0,0,0,0,1,0
I'm just tryna keep my love alive,Bartender,12,NFR!,0,0,1,0,0,0
"With my bartender, hold me all night",Bartender,12,NFR!,1,0,0,0,0,0
"Bartender, our love's alive",Bartender,12,NFR!,0,0,0,0,0,1
"Baby, remember, I'm not drinkin' wine",Bartender,12,NFR!,0,0,0,1,0,0
But that Cherry Coke you serve is fine,Bartender,12,NFR!,0,0,0,1,0,0
And our love's sweet enough on the vine,Bartender,12,NFR!,0,0,0,0,0,0
"Bar-t-t-tender, bar-t-t-tender",Bartender,12,NFR!,0,0,0,0,0,0
"Bar-t-t-tender, ha, ha, ha, ha",Bartender,12,NFR!,0,0,0,0,0,0
I bought me a truck in the middle of the night,Bartender,12,NFR!,0,0,0,0,1,0
60 MPH on PCH drive,Bartender,12,NFR!,0,0,0,0,0,0
Head to Long Beach to Newport by your side,Bartender,12,NFR!,0,0,0,0,0,0
As they don't yet know where I reside,Bartender,12,NFR!,0,0,0,1,0,0
60 miles from the last place I hide,Bartender,12,NFR!,0,0,1,0,0,0
"With my bar-t-t-tender, hold me all night",Bartender,12,NFR!,1,0,0,0,0,0
"Bar-t-t-tender, keep love alive",Bartender,12,NFR!,0,0,0,0,0,0
Bar-t-t-tender,Bartender,12,NFR!,0,0,0,0,0,0
Do you want me or do you not?,Happiness Is A Butterfly,13,NFR!,1,0,0,0,0,0
"I heard one thing, now I'm hearing another",Happiness Is A Butterfly,13,NFR!,0,1,0,0,0,0
Dropped a pin to my parking spot,Happiness Is A Butterfly,13,NFR!,0,0,0,0,0,0
"The bar was hot, it's 2 am, it feels like summer",Happiness Is A Butterfly,13,NFR!,0,0,0,1,0,0
Happiness is a butterfly,Happiness Is A Butterfly,13,NFR!,0,0,0,0,0,1
Try to catch it like every night,Happiness Is A Butterfly,13,NFR!,0,0,0,1,0,0
It escapes from my hands into moonlight,Happiness Is A Butterfly,13,NFR!,0,0,1,0,0,0
Every day is a lullaby,Happiness Is A Butterfly,13,NFR!,0,0,0,1,0,0
I hum it on the phone like every night,Happiness Is A Butterfly,13,NFR!,0,0,0,0,0,0
And sing it for my babies on the tour life,Happiness Is A Butterfly,13,NFR!,0,0,0,0,0,0
Ah ah,Happiness Is A Butterfly,13,NFR!,0,0,0,0,0,0
"If he's a serial killer, then what's the worst",Happiness Is A Butterfly,13,NFR!,1,0,1,0,0,0
That could happen to a girl who's already hurt?,Happiness Is A Butterfly,13,NFR!,1,0,0,0,0,0
I'm already hurt,Happiness Is A Butterfly,13,NFR!,1,0,0,0,0,0
"If he's as bad as they say, then I guess I'm cursed",Happiness Is A Butterfly,13,NFR!,1,0,1,0,0,0
"Looking into his eyes, I think he's already hurt",Happiness Is A Butterfly,13,NFR!,1,0,0,0,0,0
He's already hurt,Happiness Is A Butterfly,13,NFR!,1,0,0,0,0,0
"I said, ""Don't be a jerk, don't call me a taxi""",Happiness Is A Butterfly,13,NFR!,0,1,0,0,0,0
"Sitting in your sweatshirt, crying in the backseat",Happiness Is A Butterfly,13,NFR!,1,0,0,0,0,0
Ooh,Happiness Is A Butterfly,13,NFR!,0,0,0,0,0,0
I just wanna dance with you,Happiness Is A Butterfly,13,NFR!,0,0,0,0,0,1
"Hollywood and Vine, Black Rabbit in the alley",Happiness Is A Butterfly,13,NFR!,0,0,0,0,0,0
I just wanna hold you tight down the avenue,Happiness Is A Butterfly,13,NFR!,0,0,0,0,0,1
I just wanna dance with you,Happiness Is A Butterfly,13,NFR!,0,0,0,0,0,1
I just wanna dance with you,Happiness Is A Butterfly,13,NFR!,0,0,0,0,0,1
"Baby, I just wanna dance (dance)",Happiness Is A Butterfly,13,NFR!,0,0,0,0,0,1
With you (dance),Happiness Is A Butterfly,13,NFR!,0,0,0,0,0,1
"Baby, I just wanna dance (dance)",Happiness Is A Butterfly,13,NFR!,0,0,0,0,0,1
With you,Happiness Is A Butterfly,13,NFR!,0,0,0,0,0,1
"Left the canyon, drove to the club",Happiness Is A Butterfly,13,NFR!,0,0,0,0,0,0
"I was one thing, now I'm being another",Happiness Is A Butterfly,13,NFR!,0,1,0,0,0,0
Go down to Sunset in the truck,Happiness Is A Butterfly,13,NFR!,0,0,0,0,0,0
I'll pick you up if you're in town on the corner,Happiness Is A Butterfly,13,NFR!,0,0,0,0,0,0
Ah ah,Happiness Is A Butterfly,13,NFR!,0,0,0,0,0,0
Happiness is a butterfly,Happiness Is A Butterfly,13,NFR!,0,0,0,0,0,1
We should catch it while dancing,Happiness Is A Butterfly,13,NFR!,0,0,0,0,0,1
"I lose myself in the music, baby",Happiness Is A Butterfly,13,NFR!,0,0,0,0,0,1
Every day is a lullaby,Happiness Is A Butterfly,13,NFR!,0,0,0,1,0,0
Try to catch it like lightning,Happiness Is A Butterfly,13,NFR!,0,0,0,0,0,1
"I sing it into my music, I'm crazy",Happiness Is A Butterfly,13,NFR!,0,1,0,0,0,1
"If he's a serial killer, then what's the worst",Happiness Is A Butterfly,13,NFR!,1,0,1,0,0,0
That could happen to a girl who's already hurt?,Happiness Is A Butterfly,13,NFR!,1,0,0,0,0,0
I'm already hurt,Happiness Is A Butterfly,13,NFR!,1,0,0,0,0,0
"If he's as bad as they say, then I guess I'm cursed",Happiness Is A Butterfly,13,NFR!,1,0,1,0,0,0
"Looking into his eyes, I think he's already hurt",Happiness Is A Butterfly,13,NFR!,1,0,0,0,0,0
He's already hurt,Happiness Is A Butterfly,13,NFR!,1,0,0,0,0,0
"I said, ""don't be a jerk, don't call me a taxi""",Happiness Is A Butterfly,13,NFR!,0,1,0,0,0,0
"Sitting in your sweatshirt, crying in the backseat",Happiness Is A Butterfly,13,NFR!,1,0,0,0,0,0
Ooh,Happiness Is A Butterfly,13,NFR!,0,0,0,0,0,0
I just wanna dance with you,Happiness Is A Butterfly,13,NFR!,0,0,0,0,0,1
"Hollywood and Vine, Black Rabbit in the alley",Happiness Is A Butterfly,13,NFR!,0,0,0,0,0,0
I just wanna hold you tight down the avenue,Happiness Is A Butterfly,13,NFR!,0,0,0,0,0,1
I just wanna dance with you,Happiness Is A Butterfly,13,NFR!,0,0,0,0,0,1
I just wanna dance with you,Happiness Is A Butterfly,13,NFR!,0,0,0,0,0,1
"Baby, I just wanna dance (dance)",Happiness Is A Butterfly,13,NFR!,0,0,0,0,0,1
With you (dance),Happiness Is A Butterfly,13,NFR!,0,0,0,0,0,1
"Baby, I just wanna dance (dance)",Happiness Is A Butterfly,13,NFR!,0,0,0,0,0,1
With you,Happiness Is A Butterfly,13,NFR!,0,0,0,0,0,1
I was reading Slim Aarons and I got to thinking that I thought,Hope Is A Dangerous Thing For A Woman Like Me To Have But I have It,14,NFR!,0,0,0,1,0,0
Maybe I'd get less stressed if I was tested less like,Hope Is A Dangerous Thing For A Woman Like Me To Have But I have It,14,NFR!,0,0,1,0,0,0
All of these debutantes,Hope Is A Dangerous Thing For A Woman Like Me To Have But I have It,14,NFR!,0,0,0,0,0,0
Smiling for miles in pink dresses and high heels on white yachts,Hope Is A Dangerous Thing For A Woman Like Me To Have But I have It,14,NFR!,0,0,0,0,0,1
But I'm not,Hope Is A Dangerous Thing For A Woman Like Me To Have But I have It,14,NFR!,1,0,0,0,0,0
"Baby, I'm not",Hope Is A Dangerous Thing For A Woman Like Me To Have But I have It,14,NFR!,1,0,0,0,0,0
"No, I'm not",Hope Is A Dangerous Thing For A Woman Like Me To Have But I have It,14,NFR!,1,0,0,0,0,0
"That, I'm not",Hope Is A Dangerous Thing For A Woman Like Me To Have But I have It,14,NFR!,1,0,0,0,0,0
I've been tearing around in my fucking nightgown,Hope Is A Dangerous Thing For A Woman Like Me To Have But I have It,14,NFR!,0,1,0,0,0,0
24/7 Sylvia Plath,Hope Is A Dangerous Thing For A Woman Like Me To Have But I have It,14,NFR!,0,0,0,0,0,0
Writing in blood on the walls,Hope Is A Dangerous Thing For A Woman Like Me To Have But I have It,14,NFR!,0,0,1,0,0,0
'Cause the ink in my pen don't work in my notepad,Hope Is A Dangerous Thing For A Woman Like Me To Have But I have It,14,NFR!,1,0,0,0,0,0
"Don't ask if I'm happy, you know that I'm not",Hope Is A Dangerous Thing For A Woman Like Me To Have But I have It,14,NFR!,1,1,0,0,0,0
"But, at best, I can say I'm not sad",Hope Is A Dangerous Thing For A Woman Like Me To Have But I have It,14,NFR!,0,0,0,1,0,0
'Cause hope is a dangerous thing for a woman like me to have,Hope Is A Dangerous Thing For A Woman Like Me To Have But I have It,14,NFR!,0,0,1,0,0,1
Hope is a dangerous thing for a woman like me to have,Hope Is A Dangerous Thing For A Woman Like Me To Have But I have It,14,NFR!,0,0,1,0,0,1
I had fifteen-year dances,Hope Is A Dangerous Thing For A Woman Like Me To Have But I have It,14,NFR!,0,0,0,0,0,0
"Church basement romances, yeah, I've cried",Hope Is A Dangerous Thing For A Woman Like Me To Have But I have It,14,NFR!,1,0,0,0,0,0
Spilling my guts with the Bowery Bums,Hope Is A Dangerous Thing For A Woman Like Me To Have But I have It,14,NFR!,1,0,0,0,0,0
Is the only love I've ever known,Hope Is A Dangerous Thing For A Woman Like Me To Have But I have It,14,NFR!,1,0,0,0,0,1
"Except for the stage, which I also call home, when I'm not",Hope Is A Dangerous Thing For A Woman Like Me To Have But I have It,14,NFR!,1,0,0,0,0,0
Servin' up God in a burnt coffee pot for the triad,Hope Is A Dangerous Thing For A Woman Like Me To Have But I have It,14,NFR!,0,0,0,0,0,0
"Hello, it's the most famous woman you know on the iPad",Hope Is A Dangerous Thing For A Woman Like Me To Have But I have It,14,NFR!,0,0,0,0,0,0
"Calling from beyond the grave, I just wanna say, ""Hi, Dad""",Hope Is A Dangerous Thing For A Woman Like Me To Have But I have It,14,NFR!,0,0,0,0,0,0
I've been tearing up town in my fucking white gown,Hope Is A Dangerous Thing For A Woman Like Me To Have But I have It,14,NFR!,0,1,0,0,0,0
Like a goddamn near sociopath,Hope Is A Dangerous Thing For A Woman Like Me To Have But I have It,14,NFR!,0,1,0,0,0,0
Shaking my ass is the only thing that's,Hope Is A Dangerous Thing For A Woman Like Me To Have But I have It,14,NFR!,0,0,0,0,0,0
Got this black narcissist off my back,Hope Is A Dangerous Thing For A Woman Like Me To Have But I have It,14,NFR!,0,0,1,0,0,0
"She couldn't care less, and I never cared more",Hope Is A Dangerous Thing For A Woman Like Me To Have But I have It,14,NFR!,0,1,0,0,0,0
So there's no more to say about that,Hope Is A Dangerous Thing For A Woman Like Me To Have But I have It,14,NFR!,0,1,0,0,0,0
Except hope is a dangerous thing for a woman like me to have,Hope Is A Dangerous Thing For A Woman Like Me To Have But I have It,14,NFR!,0,0,1,0,0,1
Hope is a dangerous thing for a woman with my past,Hope Is A Dangerous Thing For A Woman Like Me To Have But I have It,14,NFR!,1,0,1,0,0,0
"There's a new revolution, a loud evolution that I saw",Hope Is A Dangerous Thing For A Woman Like Me To Have But I have It,14,NFR!,0,0,0,0,1,0
Born of confusion and quiet collusion of which mostly I've known,Hope Is A Dangerous Thing For A Woman Like Me To Have But I have It,14,NFR!,0,0,0,0,1,0
"A modern day woman with a weak constitution, 'cause I've got",Hope Is A Dangerous Thing For A Woman Like Me To Have But I have It,14,NFR!,0,0,0,0,1,0
Monsters still under my bed that I could never fight off,Hope Is A Dangerous Thing For A Woman Like Me To Have But I have It,14,NFR!,0,0,1,0,0,0
A gatekeeper carelessly dropping the keys on my nights off,Hope Is A Dangerous Thing For A Woman Like Me To Have But I have It,14,NFR!,0,0,1,0,0,0
I've been tearing around in my fucking nightgown,Hope Is A Dangerous Thing For A Woman Like Me To Have But I have It,14,NFR!,0,1,0,0,0,0
24/7 Sylvia Plath,Hope Is A Dangerous Thing For A Woman Like Me To Have But I have It,14,NFR!,0,0,0,0,0,0
Writing in blood on your walls,Hope Is A Dangerous Thing For A Woman Like Me To Have But I have It,14,NFR!,0,0,1,0,0,0
'Cause the ink in my pen don't look good in my pad,Hope Is A Dangerous Thing For A Woman Like Me To Have But I have It,14,NFR!,1,0,0,0,0,0
"They write that I'm happy, they know that I'm not",Hope Is A Dangerous Thing For A Woman Like Me To Have But I have It,14,NFR!,1,0,0,0,0,0
"But, at best, you can see I'm not sad",Hope Is A Dangerous Thing For A Woman Like Me To Have But I have It,14,NFR!,0,0,0,1,0,0
But hope is a dangerous thing for a woman like me to have,Hope Is A Dangerous Thing For A Woman Like Me To Have But I have It,14,NFR!,0,0,1,0,0,0
Hope is a dangerous thing for a woman like me to have,Hope Is A Dangerous Thing For A Woman Like Me To Have But I have It,14,NFR!,0,0,1,0,0,0
Hope is a dangerous thing for a woman like me to have,Hope Is A Dangerous Thing For A Woman Like Me To Have But I have It,14,NFR!,0,0,1,0,0,0
But I have it,Hope Is A Dangerous Thing For A Woman Like Me To Have But I have It,14,NFR!,0,0,0,0,1,0
"Yeah, I have it",Hope Is A Dangerous Thing For A Woman Like Me To Have But I have It,14,NFR!,0,0,0,0,1,0
"Yeah, I have it",Hope Is A Dangerous Thing For A Woman Like Me To Have But I have It,14,NFR!,0,0,0,0,1,0
I have,Hope Is A Dangerous Thing For A Woman Like Me To Have But I have It,14,NFR!,0,0,0,0,1,0
